Dataset,Scheduler,Lbeta,Ubeta,Steps,LR,Batch Size,Guidance Scale,Reward Scale,NLL Score,Accuracy
manycircles,linear,0.001,0.02,100,0.01,100,0.5,0.5,-0.33143046498298645,0.0006249999860301614
manycircles,linear,0.001,0.02,100,0.01,100,1.0,1.0,-0.32994481921195984,0.0006249999860301614
manycircles,linear,0.001,0.02,100,0.01,100,0.2,0.2,-0.32523852586746216,0.0006249999860301614
manycircles,linear,0.001,0.02,100,0.01,100,0.8,0.8,-0.3314771056175232,0.0006249999860301614
manycircles,linear,0.001,0.02,100,0.01,100,0.3,0.3,-0.32839497923851013,0.0006249999860301614
manycircles,linear,0.001,0.02,100,0.01,100,0.2,-0.32523852586746216,0.0006249999860301614
manycircles,linear,0.001,0.02,100,0.01,100,1.0,-0.32994481921195984,0.0006249999860301614
manycircles,linear,0.001,0.02,100,0.01,100,0.5,-0.33143046498298645,0.0006249999860301614
manycircles,linear,0.001,0.02,100,0.01,100,0.3,-0.32839497923851013,0.0006249999860301614
manycircles,linear,0.001,0.02,100,0.01,100,0.8,-0.3314771056175232,0.0006249999860301614
