Dataset,Scheduler,Lbeta,Ubeta,Steps,LR,Batch Size,Guidance Scale,Reward Scale,NLL Score,Accuracy
helix,linear,0.001,0.02,100,0.01,100,1.0,1.0,1.332228183746338,0.4413999915122986
helix,linear,0.001,0.02,100,0.01,100,0.2,0.2,1.3827064037322998,0.4413999915122986
helix,linear,0.001,0.02,100,0.01,100,0.5,0.5,1.3612183332443237,0.4413999915122986
helix,linear,0.001,0.02,100,0.01,100,0.3,0.3,1.3752284049987793,0.4413999915122986
helix,linear,0.001,0.02,100,0.01,100,0.8,0.8,1.3429458141326904,0.4413999915122986
helix,linear,0.001,0.02,100,0.01,100,0.5,1.3612183332443237,0.4413999915122986
helix,linear,0.001,0.02,100,0.01,100,0.2,1.3827064037322998,0.4413999915122986
helix,linear,0.001,0.02,100,0.01,100,1.0,1.332228183746338,0.4413999915122986
helix,linear,0.001,0.02,100,0.01,100,0.8,1.3429458141326904,0.4413999915122986
helix,linear,0.001,0.02,100,0.01,100,0.3,1.3752284049987793,0.4413999915122986
