Dataset,Scheduler,Lbeta,Ubeta,Steps,LR,Batch Size,Guidance Scale,NLL Score,Accuracy
circles,linear,0.001,0.02,100,0.01,100,3,0.5,0.9046437740325928,0.1587499976158142
circles,linear,0.001,0.02,100,0.01,100,0.5,0.8,0.9035735130310059,0.1587499976158142
circles,linear,0.001,0.02,100,0.01,100,0,0.3,0.9105702638626099,0.1587499976158142
circles,linear,0.001,0.02,100,0.01,100,0.2,0.2,0.9068508744239807,0.1587499976158142
circles,linear,0.001,0.02,100,0.01,100,0.8,1.0,0.901796817779541,0.1587499976158142
