Dataset,Scheduler,Lbeta,Ubeta,Steps,LR,Batch Size,Guidance Scale,Reward Scale,NLL Score,Accuracy
circles,linear,0.001,0.02,100,0.01,100,0.8,0.8,0.9135645627975464,0.16875000298023224
circles,linear,0.001,0.02,100,0.01,100,0.3,0.3,0.9130028486251831,0.16875000298023224
circles,linear,0.001,0.02,100,0.01,100,0.5,0.5,0.9128797054290771,0.16875000298023224
circles,linear,0.001,0.02,100,0.01,100,0.2,0.2,0.9134198427200317,0.16875000298023224
circles,linear,0.001,0.02,100,0.01,100,1.0,1.0,0.9143431186676025,0.16875000298023224
circles,linear,0.001,0.02,100,0.01,100,0.3,0.9130028486251831,0.16875000298023224
circles,linear,0.001,0.02,100,0.01,100,0.8,0.9135645627975464,0.16875000298023224
circles,linear,0.001,0.02,100,0.01,100,0.5,0.9128797054290771,0.16875000298023224
circles,linear,0.001,0.02,100,0.01,100,1.0,0.9143431186676025,0.16875000298023224
circles,linear,0.001,0.02,100,0.01,100,0.2,0.9134198427200317,0.16875000298023224
