Dataset,Scheduler,Lbeta,Ubeta,Steps,LR,Batch Size,Guidance Scale,NLL Score,Accuracy
circles,linear,0.001,0.02,100,0.01,100,0.2,0.2,N/A,0.18950000405311584
circles,linear,0.001,0.02,100,0.01,100,0.3,0.3,N/A,0.18950000405311584
circles,linear,0.001,0.02,100,0.01,100,0.5,0.5,N/A,0.18950000405311584
circles,linear,0.001,0.02,100,0.01,100,0.8,0.8,N/A,0.18950000405311584
circles,linear,0.001,0.02,100,0.01,100,1.0,1.0,N/A,0.18950000405311584
