Dataset,Scheduler,Lbeta,Ubeta,Steps,LR,Batch Size,Guidance Scale,Reward Scale,NLL Score,Accuracy
moons,linear,0.001,0.02,100,0.01,100,0.2,0.2,0.4638652205467224,0.10212499648332596
moons,linear,0.001,0.02,100,0.01,100,1.0,1.0,0.40570563077926636,0.10212499648332596
moons,linear,0.001,0.02,100,0.01,100,0.5,0.5,0.4349218010902405,0.10212499648332596
moons,linear,0.001,0.02,100,0.01,100,0.3,0.3,0.4527592062950134,0.10212499648332596
moons,linear,0.001,0.02,100,0.01,100,0.8,0.8,0.41577380895614624,0.10212499648332596
moons,linear,0.001,0.02,100,0.01,100,0.2,0.4638652205467224,0.10212499648332596
moons,linear,0.001,0.02,100,0.01,100,1.0,0.40570563077926636,0.10212499648332596
moons,linear,0.001,0.02,100,0.01,100,0.5,0.4349218010902405,0.10212499648332596
moons,linear,0.001,0.02,100,0.01,100,0.3,0.4527592062950134,0.10212499648332596
moons,linear,0.001,0.02,100,0.01,100,0.8,0.41577380895614624,0.10212499648332596
